model,MAE,RMSE,R2
LinearRegression,0.2937089247467301,0.45782245975413355,0.6959240611040528
RandomForest,0.17531200018669088,0.2694616769171857,0.8946627723787156
GradientBoosting,0.21588098590845636,0.29042111269565307,0.8776386562622237
XGBoost,0.18385250938991166,0.2663987398777383,0.8970438722682301
