model,MAE,RMSE,R2
LinearRegression,0.30109500647001747,0.4842436712609406,0.661765911610293
Ridge,0.28406368773183727,0.4451982163069232,0.7141117544398341
Lasso,0.4430820201124557,0.7343658058181759,0.22211685481059573
DecisionTree,0.21564574545764023,0.35798029146929694,0.8151550020209898
RandomForest,0.18757957533387426,0.29081588052356416,0.8780095861347486
GradientBoosting,0.22339709143870576,0.30558455408412977,0.8653047546032172
SVR,0.3097048390458294,0.4114487118895602,0.7558139317076145
XGBoost,0.1918155218416815,0.2790638479625071,0.8876697760146521
LightGBM,0.19601750412170235,0.2825838043142314,0.8848181623038321
