model,MAE,RMSE,R2
LinearRegression,0.29370892474630766,0.457822459753454,0.6959240611049555
DecisionTree,0.2003741296535487,0.33506115395432773,0.8371319009775128
RandomForest,0.17488714328959643,0.26923371354910813,0.8948409266306279
GradientBoosting,0.21609044340347297,0.2906923612058564,0.8774099825855928
SVR,0.30221790203557075,0.4004407913550455,0.7673706594633966
XGBoost,0.18385250938991166,0.2663987398777383,0.8970438722682301
