model,MAE,RMSE,R2
LinearRegression,0.29370892474630766,0.457822459753454,0.6959240611049555
DecisionTree,0.19670468459207835,0.32690414009993934,0.8449653728458952
RandomForest,0.17482079425906924,0.2685473693280142,0.8953763969092832
GradientBoosting,0.21627172405355652,0.2908341220694124,0.8772903873949518
SVR,0.30221790203557075,0.4004407913550455,0.7673706594633966
XGBoost,0.18385250938991166,0.2663987398777383,0.8970438722682301
